Substitution,Number_of_mutations
A[C>A]A,41
A[C>A]C,84
A[C>A]G,82
A[C>A]T,25
C[C>A]A,60
C[C>A]C,86
C[C>A]G,151
C[C>A]T,17
G[C>A]A,78
G[C>A]C,135
G[C>A]G,202
G[C>A]T,45
T[C>A]A,31
T[C>A]C,44
T[C>A]G,77
T[C>A]T,20
A[C>G]A,25
A[C>G]C,94
A[C>G]G,56
A[C>G]T,31
C[C>G]A,106
C[C>G]C,137
C[C>G]G,162
C[C>G]T,74
G[C>G]A,62
G[C>G]C,153
G[C>G]G,126
G[C>G]T,62
T[C>G]A,41
T[C>G]C,65
T[C>G]G,80
T[C>G]T,48
A[C>T]A,202
A[C>T]C,309
A[C>T]G,364
A[C>T]T,103
C[C>T]A,266
C[C>T]C,283
C[C>T]G,680
C[C>T]T,182
G[C>T]A,274
G[C>T]C,519
G[C>T]G,542
G[C>T]T,277
T[C>T]A,155
T[C>T]C,130
T[C>T]G,418
T[C>T]T,80
A[T>A]A,5
A[T>A]C,11
A[T>A]G,4
A[T>A]T,4
C[T>A]A,10
C[T>A]C,17
C[T>A]G,13
C[T>A]T,15
G[T>A]A,7
G[T>A]C,13
G[T>A]G,15
G[T>A]T,10
T[T>A]A,2
T[T>A]C,8
T[T>A]G,11
T[T>A]T,18
A[T>C]A,56
A[T>C]C,126
A[T>C]G,131
A[T>C]T,25
C[T>C]A,40
C[T>C]C,75
C[T>C]G,160
C[T>C]T,38
G[T>C]A,100
G[T>C]C,193
G[T>C]G,289
G[T>C]T,149
T[T>C]A,9
T[T>C]C,57
T[T>C]G,124
T[T>C]T,32
A[T>G]A,5
A[T>G]C,45
A[T>G]G,36
A[T>G]T,16
C[T>G]A,27
C[T>G]C,140
C[T>G]G,147
C[T>G]T,81
G[T>G]A,13
G[T>G]C,114
G[T>G]G,105
G[T>G]T,53
T[T>G]A,8
T[T>G]C,35
T[T>G]G,38
T[T>G]T,6
