Mutation_in_alignment,Mutation_in_genome,Branch,Reason_not_included
A542G,A542G,NODE_0000001,Label_changes_on_branch
T624C,T624C,NODE_0000001,Label_changes_on_branch
T1514C,T1514C,NODE_0000001,Label_changes_on_branch
A2040G,A2040G,NODE_0000001,Label_changes_on_branch
T2318C,T2318C,NODE_0000001,Label_changes_on_branch
T3134C,T3134C,NODE_0000001,Label_changes_on_branch
T3277C,T3277C,NODE_0000001,Label_changes_on_branch
T3441C,T3441C,NODE_0000001,Label_changes_on_branch
A4034G,A4034G,NODE_0000001,Label_changes_on_branch
A4996G,A4996G,NODE_0000001,Label_changes_on_branch
A5427T,A5427T,NODE_0000001,Label_changes_on_branch
T6332C,T6332C,NODE_0000001,Label_changes_on_branch
T8207C,T8207C,NODE_0000001,Label_changes_on_branch
T8258C,T8258C,NODE_0000001,Label_changes_on_branch
T8333C,T8333C,NODE_0000001,Label_changes_on_branch
T8617C,T8617C,NODE_0000001,Label_changes_on_branch
T10505C,T10505C,NODE_0000001,Label_changes_on_branch
T11492C,T11492C,NODE_0000001,Label_changes_on_branch
T12684C,T12684C,NODE_0000001,Label_changes_on_branch
A12707G,A12707G,NODE_0000001,Label_changes_on_branch
T13022C,T13022C,NODE_0000001,Label_changes_on_branch
T17794C,T17794C,NODE_0000001,Label_changes_on_branch
A19075G,A19075G,NODE_0000001,Label_changes_on_branch
A20848C,A20848C,NODE_0000001,Label_changes_on_branch
T22790C,T22790C,NODE_0000001,Label_changes_on_branch
A24704G,A24704G,NODE_0000001,Label_changes_on_branch
G24927T,G24927T,NODE_0000001,Label_changes_on_branch
T11308W,T11308W,Jordan-N3_2012_KC776174_human_2012-04-15,Mutation_does_not_involve_two_nucleotides
A25101T,A25101T,D998_15_KX108943_camel_2015-04-23,In_tract_of_three_or_more_substitutions
C25102T,C25102T,D998_15_KX108943_camel_2015-04-23,In_tract_of_three_or_more_substitutions
T25103C,T25103C,D998_15_KX108943_camel_2015-04-23,In_tract_of_three_or_more_substitutions
A11534M,A11534M,Egypt_NRCE-NC163_2014_KU740200_camel_2014-12-17,Mutation_does_not_involve_two_nucleotides
A2456T,A2456T,NODE_0000007,Label_changes_on_branch
T3320C,T3320C,NODE_0000007,Label_changes_on_branch
G4388T,G4388T,NODE_0000007,Label_changes_on_branch
A5516G,A5516G,NODE_0000007,Label_changes_on_branch
G10835T,G10835T,NODE_0000007,Label_changes_on_branch
A11534G,A11534G,NODE_0000007,Label_changes_on_branch
T11984C,T11984C,NODE_0000007,Label_changes_on_branch
G16900T,G16900T,NODE_0000007,Label_changes_on_branch
T22035C,T22035C,NODE_0000007,Label_changes_on_branch
T26806C,T26806C,NODE_0000007,Label_changes_on_branch
T28772C,T28772C,NODE_0000007,Label_changes_on_branch
T29811C,T29811C,NODE_0000007,Label_changes_on_branch
C21726Y,C21726Y,Riyadh_3_2013_KF600613_human_2013-02-05,Mutation_does_not_involve_two_nucleotides
T20634C,T20634C,Riyadh_2014KSA_158_KSA_2014_KM027281_human_2014-05-20,In_tract_of_three_or_more_substitutions
G20635T,G20635T,Riyadh_2014KSA_158_KSA_2014_KM027281_human_2014-05-20,In_tract_of_three_or_more_substitutions
C20636T,C20636T,Riyadh_2014KSA_158_KSA_2014_KM027281_human_2014-05-20,In_tract_of_three_or_more_substitutions
G23933R,G23933R,Riyadh-KSA-2466_2015_KR011265_human_2015-01-26,Mutation_does_not_involve_two_nucleotides
C28017Y,C28017Y,England_4_2013_KM210277_human_2013-02-13,Mutation_does_not_involve_two_nucleotides
T19870Y,T19870Y,England_3_2013_KM210278_human_2013-02-10,Mutation_does_not_involve_two_nucleotides
G14143K,G14143K,Riyadh_9_2013_KJ156869_human_2013-07-17,Mutation_does_not_involve_two_nucleotides
A3524R,A3524R,Al-Hasa_23_2013_KJ156860_human_2013-05-13,Mutation_does_not_involve_two_nucleotides
C10552Y,C10552Y,Al-Hasa_23_2013_KJ156860_human_2013-05-13,Mutation_does_not_involve_two_nucleotides
T29633W,T29633W,Al-Hasa_23_2013_KJ156860_human_2013-05-13,Mutation_does_not_involve_two_nucleotides
T5052Y,T5052Y,Al-Hasa_11_2013_KF600629_human_2013-05-03,Mutation_does_not_involve_two_nucleotides
C20629Y,C20629Y,Al-Hasa_15_2013_KF600645_human_2013-05-11,Mutation_does_not_involve_two_nucleotides
C21965Y,C21965Y,Al-Hasa_15_2013_KF600645_human_2013-05-11,Mutation_does_not_involve_two_nucleotides
A571R,A571R,Al-Hasa_7_2013_KF600623_human_2013-05-01,Mutation_does_not_involve_two_nucleotides
C26246Y,C26246Y,Al-Hasa_16_2013_KF600644_human_2013-05-12,Mutation_does_not_involve_two_nucleotides
C16344Y,C16344Y,Al-Hasa_14_2013_KF600615_human_2013-05-08,Mutation_does_not_involve_two_nucleotides
T18955Y,T18955Y,Al-Hasa_14_2013_KF600615_human_2013-05-08,Mutation_does_not_involve_two_nucleotides
A4279V,A4279V,Asir_2_2013_KJ156863_human_2013-08-05,Mutation_does_not_involve_two_nucleotides
A8150W,A8150W,Asir_2_2013_KJ156863_human_2013-08-05,Mutation_does_not_involve_two_nucleotides
T8155K,T8155K,Asir_2_2013_KJ156863_human_2013-08-05,Mutation_does_not_involve_two_nucleotides
A21828W,A21828W,UAE-FRA1_1627-2013_BAL_KJ361500_human_2013-04-26,Mutation_does_not_involve_two_nucleotides
G25784A,G25784A,NODE_0000085,In_tract_of_three_or_more_substitutions
G25785C,G25785C,NODE_0000085,In_tract_of_three_or_more_substitutions
T25786C,T25786C,NODE_0000085,In_tract_of_three_or_more_substitutions
T11761W,T11761W,UAE_D1164.11_2014_KP719929_camel_2014-06,Mutation_does_not_involve_two_nucleotides
C22760Y,C22760Y,AbuDhabi_UAE_16_2014_KP209308_human_2014-04-10,Mutation_does_not_involve_two_nucleotides
T11785Y,T11785Y,AbuDhabi_UAE_8_2014_KP209306_human_2014-04-07,Mutation_does_not_involve_two_nucleotides
C26127Y,C26127Y,Indiana_USA-1_SaudiArabia_2014_KJ813439_human_2014-04-30,Mutation_does_not_involve_two_nucleotides
T26167Y,T26167Y,Indiana_USA-1_SaudiArabia_2014_KJ813439_human_2014-04-30,Mutation_does_not_involve_two_nucleotides
A6027R,A6027R,KFMC-10_KT121578_human_2014-05-01,Mutation_does_not_involve_two_nucleotides
T70W,T70W,Hafr-Al-Batin_4_2013_KJ156931_human_2013-08-25,Mutation_does_not_involve_two_nucleotides
A72R,A72R,Hafr-Al-Batin_4_2013_KJ156931_human_2013-08-25,Mutation_does_not_involve_two_nucleotides
A977W,A977W,Hafr-Al-Batin_4_2013_KJ156931_human_2013-08-25,Mutation_does_not_involve_two_nucleotides
A6169M,A6169M,Hafr-Al-Batin_4_2013_KJ156931_human_2013-08-25,Mutation_does_not_involve_two_nucleotides
A9986W,A9986W,Hafr-Al-Batin_4_2013_KJ156931_human_2013-08-25,Mutation_does_not_involve_two_nucleotides
T12166K,T12166K,Hafr-Al-Batin_4_2013_KJ156931_human_2013-08-25,Mutation_does_not_involve_two_nucleotides
A6169M,A6169M,Hafr-Al-Batin_2_2013_KJ156910_human_2013-08-05,Mutation_does_not_involve_two_nucleotides
C24383Y,C24383Y,Hafr-Al-Batin_2_2013_KJ156910_human_2013-08-05,Mutation_does_not_involve_two_nucleotides
A6169M,A6169M,Hafr-Al-Batin_6_2013_KJ156874_human_2013-08-28,Mutation_does_not_involve_two_nucleotides
T2884Y,T2884Y,Hafr-Al-Batin_5_2013_KJ156951_human_2013-08-25,Mutation_does_not_involve_two_nucleotides
G3363K,G3363K,Hafr-Al-Batin_5_2013_KJ156951_human_2013-08-25,Mutation_does_not_involve_two_nucleotides
A6169M,A6169M,Hafr-Al-Batin_5_2013_KJ156951_human_2013-08-25,Mutation_does_not_involve_two_nucleotides
A12304R,A12304R,Hafr-Al-Batin_5_2013_KJ156951_human_2013-08-25,Mutation_does_not_involve_two_nucleotides
T12425W,T12425W,Hafr-Al-Batin_5_2013_KJ156951_human_2013-08-25,Mutation_does_not_involve_two_nucleotides
A13104W,A13104W,Hafr-Al-Batin_5_2013_KJ156951_human_2013-08-25,Mutation_does_not_involve_two_nucleotides
C4103Y,C4103Y,Qatar3_KF961221_human_2013-10-13,Mutation_does_not_involve_two_nucleotides
A12400R,A12400R,Qatar3_KF961221_human_2013-10-13,Mutation_does_not_involve_two_nucleotides
T19136Y,T19136Y,Qatar3_KF961221_human_2013-10-13,Mutation_does_not_involve_two_nucleotides
G19189R,G19189R,Qatar3_KF961221_human_2013-10-13,Mutation_does_not_involve_two_nucleotides
T19252Y,T19252Y,Qatar3_KF961221_human_2013-10-13,Mutation_does_not_involve_two_nucleotides
C21187M,C21187M,Qatar3_KF961221_human_2013-10-13,Mutation_does_not_involve_two_nucleotides
C6169M,C6169M,Riyadh_11_2013_KJ156946_human_2013-08-06,Mutation_does_not_involve_two_nucleotides
G1938R,G1938R,Riyadh_17_2013_KJ156918_human_2013-08-26,Mutation_does_not_involve_two_nucleotides
G18279R,G18279R,Riyadh_17_2013_KJ156918_human_2013-08-26,Mutation_does_not_involve_two_nucleotides
T2074Y,T2074Y,Riyadh_10_2013_KJ156891_human_2013-09-05,Mutation_does_not_involve_two_nucleotides
A6169M,A6169M,Riyadh_10_2013_KJ156891_human_2013-09-05,Mutation_does_not_involve_two_nucleotides
T24383Y,T24383Y,Riyadh_10_2013_KJ156891_human_2013-09-05,Mutation_does_not_involve_two_nucleotides
A6169M,A6169M,Madinah_3b_2013_KJ156916_human_2013-09-11,Mutation_does_not_involve_two_nucleotides
T21570Y,T21570Y,Madinah_3b_2013_KJ156916_human_2013-09-11,Mutation_does_not_involve_two_nucleotides
T21937Y,T21937Y,Madinah_3b_2013_KJ156916_human_2013-09-11,Mutation_does_not_involve_two_nucleotides
T24383Y,T24383Y,Madinah_3b_2013_KJ156916_human_2013-09-11,Mutation_does_not_involve_two_nucleotides
T26887Y,T26887Y,Madinah_3b_2013_KJ156916_human_2013-09-11,Mutation_does_not_involve_two_nucleotides
C27849Y,C27849Y,Riyadh_13_2013_KJ156888_human_2013-08-13,Mutation_does_not_involve_two_nucleotides
C24383Y,C24383Y,Riyadh_14_2013_KJ156934_human_2013-08-15,Mutation_does_not_involve_two_nucleotides
G9044R,G9044R,Riyadh-KKUH-104__human_2014-04-25,Mutation_does_not_involve_two_nucleotides
G17003K,G17003K,Jeddah_S100_2014_KT368853_camel_2014-09,Mutation_does_not_involve_two_nucleotides
G26265R,G26265R,Jeddah_S100_2014_KT368853_camel_2014-09,Mutation_does_not_involve_two_nucleotides
T16174Y,T16174Y,Taif_T98_2015_KT368888_camel_2015-04,Mutation_does_not_involve_two_nucleotides
T21220Y,T21220Y,Taif_T98_2015_KT368888_camel_2015-04,Mutation_does_not_involve_two_nucleotides
C22340Y,C22340Y,KOR_CNUH_SNU_038_06_2015_KT868870_human_2015-06-10,Mutation_does_not_involve_two_nucleotides
A9721R,A9721R,Hufuf-KSA-11002_2015_KT806046_human_2015-05-10,Mutation_does_not_involve_two_nucleotides
G25355R,G25355R,KOR_CNUH_SNU_054_06_2015_KT868871_human_2015-06-09,Mutation_does_not_involve_two_nucleotides
T22506Y,T22506Y,KOR_CNUH_SNU_172_06_2015_KT868877_human_2015-06-22,Mutation_does_not_involve_two_nucleotides
C28576Y,C28576Y,KOR_CNUH_SNU_172_06_2015_KT868877_human_2015-06-22,Mutation_does_not_involve_two_nucleotides
C25364Y,C25364Y,KOR_CNUH_SNU_024_06_2015_KT868867_human_2015-06-08,Mutation_does_not_involve_two_nucleotides
C6452Y,C6452Y,KOR_CNUH_SNU_031_06_2015_KT868869_human_2015-06-11,Mutation_does_not_involve_two_nucleotides
C1726Y,C1726Y,Jeddah-KSA-C21271_2015_KT806045_human_2015-02-22,Mutation_does_not_involve_two_nucleotides
G25785R,G25785R,Kharj-KSA-2599_2015_KT806052_human_2015-02-02,Mutation_does_not_involve_two_nucleotides
C25787Y,C25787Y,Kharj-KSA-2599_2015_KT806052_human_2015-02-02,Mutation_does_not_involve_two_nucleotides
A406W,A406W,Jeddah_D50b_2014_KT368842_camel_2014-12,Mutation_does_not_involve_two_nucleotides
T16873K,T16873K,Jeddah_N62b_2014_KT368847_camel_2014-11,Mutation_does_not_involve_two_nucleotides
T16880W,T16880W,Jeddah_N62b_2014_KT368847_camel_2014-11,Mutation_does_not_involve_two_nucleotides
T26109Y,T26109Y,Riyadh_Ry177_2015_KT368873_camel_2015-03,Mutation_does_not_involve_two_nucleotides
T19432K,T19432K,Riyadh_Ry178_2015_KT368874_camel_2015-03,Mutation_does_not_involve_two_nucleotides
C4491Y,C4491Y,Jeddah-KSA-3RS2702_2015_KU851859_human_2015-07-12,Mutation_does_not_involve_two_nucleotides
A1823R,A1823R,Jeddah_D40_2014_KT368834_camel_2014-12,Mutation_does_not_involve_two_nucleotides
G1869R,G1869R,Jeddah_D40_2014_KT368834_camel_2014-12,Mutation_does_not_involve_two_nucleotides
C1873Y,C1873Y,Jeddah_D40_2014_KT368834_camel_2014-12,Mutation_does_not_involve_two_nucleotides
