Spectrum,Niche,C>A,T>C
M_abscessus_environmental,Environment,0.046721061,0.492168317
M_tuberculosis_lineage1,Human_lung,0.110016884,0.220895649
M_tuberculosis_lineage2,Human_lung,0.087829312,0.286009253
M_tuberculosis_lineage3,Human_lung,0.099931003,0.238816697
M_tuberculosis_lineage4,Human_lung,0.090760447,0.245516626
M_tuberculosis_lineage5,Human_lung,0.110063312,0.221759414
M_tuberculosis_lineage6,Human_lung,0.117409241,0.218811881
M_tuberculosis_lineage7,Human_lung,0.123544504,0.227748174
M_canettii,Environment,0.05218003,0.455576631
M_avium,Environment,0.048033797,0.437743484
M_intracellulare,Environment,0.046656167,0.451843806
M_chimaera,Environment,0.07375339,0.356978928
M_kansasii_non_MKMC,Environment,0.064317327,0.406945305
B_cenocepacia_ECs,Human_lung,0.08260739,0.304295584
B_pseudomallei_group1,Environment,0.032852623,0.515065117
B_pseudomallei_group2,Environment,0.041137621,0.478526348
B_pseudomallei_group3,Environment,0.04142019,0.48577016
B_pseudomallei_group4,Environment,0.040729702,0.472779606
B_pseudomallei_group5,Environment,0.039252007,0.517374631