Substitution,nH,H
ACAA,15,1
ACAC,35,0
ACAG,29,0
ACAT,10,0
CCAA,11,0
CCAC,11,1
CCAG,19,0
CCAT,5,0
GCAA,17,2
GCAC,22,0
GCAG,30,0
GCAT,19,0
TCAA,14,2
TCAC,12,0
TCAG,31,2
TCAT,11,1
ACGA,7,0
ACGC,21,0
ACGG,9,0
ACGT,6,0
CCGA,9,0
CCGC,14,0
CCGG,14,1
CCGT,4,0
GCGA,14,1
GCGC,18,0
GCGG,31,1
GCGT,4,0
TCGA,15,0
TCGC,8,0
TCGG,19,1
TCGT,3,0
ACTA,33,47
ACTC,50,37
ACTG,60,13
ACTT,31,1
CCTA,63,76
CCTC,65,34
CCTG,109,24
CCTT,56,5
GCTA,68,92
GCTC,105,45
GCTG,118,40
GCTT,78,11
TCTA,45,39
TCTC,46,18
TCTG,92,24
TCTT,41,5
ATAA,0,0
ATAC,3,0
ATAG,2,0
ATAT,2,0
CTAA,0,0
CTAC,2,0
CTAG,2,0
CTAT,3,0
GTAA,1,0
GTAC,2,0
GTAG,2,0
GTAT,3,0
TTAA,0,0
TTAC,1,0
TTAG,1,0
TTAT,1,0
ATCA,20,0
ATCC,31,4
ATCG,19,1
ATCT,10,0
CTCA,6,0
CTCC,21,7
CTCG,21,1
CTCT,6,1
GTCA,10,0
GTCC,24,1
GTCG,24,2
GTCT,23,1
TTCA,7,0
TTCC,12,0
TTCG,16,0
TTCT,9,0
ATGA,5,0
ATGC,8,0
ATGG,3,0
ATGT,3,0
CTGA,3,0
CTGC,2,0
CTGG,6,0
CTGT,8,0
GTGA,2,0
GTGC,7,0
GTGG,6,0
GTGT,5,1
TTGA,1,0
TTGC,14,0
TTGG,1,0
TTGT,5,0
