Strand,Substitution,Number_of_mutations
t,ACAA,49
t,ACAC,122
t,ACAG,147
t,ACAT,46
t,CCAA,77
t,CCAC,116
t,CCAG,238
t,CCAT,46
t,GCAA,122
t,GCAC,170
t,GCAG,314
t,GCAT,64
t,TCAA,54
t,TCAC,57
t,TCAG,126
t,TCAT,30
t,ACGA,44
t,ACGC,134
t,ACGG,98
t,ACGT,38
t,CCGA,154
t,CCGC,164
t,CCGG,307
t,CCGT,100
t,GCGA,105
t,GCGC,209
t,GCGG,201
t,GCGT,90
t,TCGA,69
t,TCGC,63
t,TCGG,142
t,TCGT,67
t,ACTA,276
t,ACTC,491
t,ACTG,615
t,ACTT,182
t,CCTA,413
t,CCTC,411
t,CCTG,1107
t,CCTT,310
t,GCTA,381
t,GCTC,786
t,GCTG,1010
t,GCTT,488
t,TCTA,277
t,TCTC,199
t,TCTG,638
t,TCTT,142
t,ATAA,1
t,ATAC,21
t,ATAG,12
t,ATAT,5
t,CTAA,16
t,CTAC,17
t,CTAG,32
t,CTAT,16
t,GTAA,7
t,GTAC,15
t,GTAG,17
t,GTAT,16
t,TTAA,7
t,TTAC,17
t,TTAG,11
t,TTAT,23
t,ATCA,48
t,ATCC,204
t,ATCG,188
t,ATCT,51
t,CTCA,47
t,CTCC,91
t,CTCG,227
t,CTCT,52
t,GTCA,91
t,GTCC,269
t,GTCG,451
t,GTCT,181
t,TTCA,32
t,TTCC,79
t,TTCG,137
t,TTCT,38
t,ATGA,10
t,ATGC,62
t,ATGG,35
t,ATGT,17
t,CTGA,61
t,CTGC,123
t,CTGG,242
t,CTGT,101
t,GTGA,25
t,GTGC,128
t,GTGG,136
t,GTGT,75
t,TTGA,4
t,TTGC,60
t,TTGG,43
t,TTGT,17
u,ACAA,55
u,ACAC,124
u,ACAG,135
u,ACAT,33
u,CCAA,93
u,CCAC,115
u,CCAG,269
u,CCAT,34
u,GCAA,114
u,GCAC,195
u,GCAG,266
u,GCAT,61
u,TCAA,38
u,TCAC,63
u,TCAG,105
u,TCAT,21
u,ACGA,38
u,ACGC,164
u,ACGG,89
u,ACGT,41
u,CCGA,173
u,CCGC,198
u,CCGG,277
u,CCGT,108
u,GCGA,87
u,GCGC,216
u,GCGG,140
u,GCGT,115
u,TCGA,51
u,TCGC,117
u,TCGG,130
u,TCGT,45
u,ACTA,257
u,ACTC,444
u,ACTG,511
u,ACTT,100
u,CCTA,541
u,CCTC,390
u,CCTG,1051
u,CCTT,276
u,GCTA,460
u,GCTC,811
u,GCTG,876
u,GCTT,345
u,TCTA,245
u,TCTC,220
u,TCTG,547
u,TCTT,130
u,ATAA,12
u,ATAC,16
u,ATAG,7
u,ATAT,2
u,CTAA,5
u,CTAC,28
u,CTAG,25
u,CTAT,18
u,GTAA,6
u,GTAC,26
u,GTAG,7
u,GTAT,16
u,TTAA,6
u,TTAC,6
u,TTAG,14
u,TTAT,10
u,ATCA,74
u,ATCC,202
u,ATCG,233
u,ATCT,51
u,CTCA,40
u,CTCC,109
u,CTCG,233
u,CTCT,71
u,GTCA,153
u,GTCC,390
u,GTCG,470
u,GTCT,190
u,TTCA,28
u,TTCC,88
u,TTCG,176
u,TTCT,29
u,ATGA,9
u,ATGC,67
u,ATGG,41
u,ATGT,20
u,CTGA,27
u,CTGC,223
u,CTGG,182
u,CTGT,148
u,GTGA,38
u,GTGC,239
u,GTGG,190
u,GTGT,100
u,TTGA,11
u,TTGC,56
u,TTGG,75
u,TTGT,20
