Substitution,MTB_L4
A[C>A]A,61
A[C>A]C,61
A[C>A]G,81
A[C>A]T,62
C[C>A]A,46
C[C>A]C,66
C[C>A]G,66
C[C>A]T,39
G[C>A]A,65
G[C>A]C,55
G[C>A]G,82
G[C>A]T,39
T[C>A]A,46
T[C>A]C,48
T[C>A]G,46
T[C>A]T,44
A[C>G]A,47
A[C>G]C,71
A[C>G]G,53
A[C>G]T,67
C[C>G]A,84
C[C>G]C,113
C[C>G]G,78
C[C>G]T,98
G[C>G]A,53
G[C>G]C,62
G[C>G]G,52
G[C>G]T,61
T[C>G]A,56
T[C>G]C,77
T[C>G]G,55
T[C>G]T,88
A[C>T]A,316
A[C>T]C,226
A[C>T]G,320
A[C>T]T,233
C[C>T]A,256
C[C>T]C,232
C[C>T]G,285
C[C>T]T,278
G[C>T]A,231
G[C>T]C,232
G[C>T]G,270
G[C>T]T,247
T[C>T]A,237
T[C>T]C,178
T[C>T]G,231
T[C>T]T,215
A[T>A]A,22
A[T>A]C,13
A[T>A]G,9
A[T>A]T,8
C[T>A]A,23
C[T>A]C,23
C[T>A]G,16
C[T>A]T,26
G[T>A]A,13
G[T>A]C,13
G[T>A]G,9
G[T>A]T,14
T[T>A]A,37
T[T>A]C,12
T[T>A]G,14
T[T>A]T,35
A[T>C]A,212
A[T>C]C,135
A[T>C]G,205
A[T>C]T,106
C[T>C]A,112
C[T>C]C,92
C[T>C]G,139
C[T>C]T,87
G[T>C]A,231
G[T>C]C,183
G[T>C]G,262
G[T>C]T,186
T[T>C]A,171
T[T>C]C,90
T[T>C]G,145
T[T>C]T,97
A[T>G]A,26
A[T>G]C,48
A[T>G]G,38
A[T>G]T,41
C[T>G]A,108
C[T>G]C,158
C[T>G]G,127
C[T>G]T,176
G[T>G]A,54
G[T>G]C,102
G[T>G]G,94
G[T>G]T,84
T[T>G]A,42
T[T>G]C,56
T[T>G]G,54
T[T>G]T,42
