Substitution,CC19
A[C>A]A,66
A[C>A]C,98
A[C>A]G,45
A[C>A]T,83
C[C>A]A,75
C[C>A]C,42
C[C>A]G,99
C[C>A]T,78
G[C>A]A,178
G[C>A]C,111
G[C>A]G,125
G[C>A]T,174
T[C>A]A,71
T[C>A]C,74
T[C>A]G,116
T[C>A]T,133
A[C>G]A,17
A[C>G]C,39
A[C>G]G,10
A[C>G]T,20
C[C>G]A,12
C[C>G]C,14
C[C>G]G,14
C[C>G]T,12
G[C>G]A,9
G[C>G]C,74
G[C>G]G,31
G[C>G]T,15
T[C>G]A,6
T[C>G]C,6
T[C>G]G,18
T[C>G]T,7
A[C>T]A,451
A[C>T]C,340
A[C>T]G,458
A[C>T]T,212
C[C>T]A,424
C[C>T]C,414
C[C>T]G,585
C[C>T]T,240
G[C>T]A,419
G[C>T]C,929
G[C>T]G,548
G[C>T]T,252
T[C>T]A,222
T[C>T]C,290
T[C>T]G,312
T[C>T]T,169
A[T>A]A,23
A[T>A]C,29
A[T>A]G,22
A[T>A]T,28
C[T>A]A,22
C[T>A]C,58
C[T>A]G,30
C[T>A]T,22
G[T>A]A,10
G[T>A]C,23
G[T>A]G,22
G[T>A]T,16
T[T>A]A,24
T[T>A]C,17
T[T>A]G,17
T[T>A]T,12
A[T>C]A,76
A[T>C]C,59
A[T>C]G,55
A[T>C]T,46
C[T>C]A,62
C[T>C]C,69
C[T>C]G,58
C[T>C]T,52
G[T>C]A,103
G[T>C]C,141
G[T>C]G,92
G[T>C]T,89
T[T>C]A,48
T[T>C]C,70
T[T>C]G,49
T[T>C]T,39
A[T>G]A,19
A[T>G]C,29
A[T>G]G,21
A[T>G]T,16
C[T>G]A,19
C[T>G]C,20
C[T>G]G,23
C[T>G]T,19
G[T>G]A,29
G[T>G]C,54
G[T>G]G,20
G[T>G]T,32
T[T>G]A,16
T[T>G]C,22
T[T>G]G,28
T[T>G]T,15
