Substitution,Delta
A[C>A]A,10
A[C>A]C,19
A[C>A]G,14
A[C>A]T,23
C[C>A]A,25
C[C>A]C,21
C[C>A]G,40
C[C>A]T,34
G[C>A]A,11
G[C>A]C,11
G[C>A]G,13
G[C>A]T,10
T[C>A]A,11
T[C>A]C,15
T[C>A]G,16
T[C>A]T,15
A[C>G]A,2
A[C>G]C,1
A[C>G]G,3
A[C>G]T,3
C[C>G]A,4
C[C>G]C,3
C[C>G]G,3
C[C>G]T,3
G[C>G]A,2
G[C>G]C,1
G[C>G]G,3
G[C>G]T,2
T[C>G]A,4
T[C>G]C,2
T[C>G]G,3
T[C>G]T,11
A[C>T]A,305
A[C>T]C,246
A[C>T]G,391
A[C>T]T,297
C[C>T]A,228
C[C>T]C,270
C[C>T]G,367
C[C>T]T,229
G[C>T]A,195
G[C>T]C,206
G[C>T]G,292
G[C>T]T,262
T[C>T]A,275
T[C>T]C,294
T[C>T]G,519
T[C>T]T,316
A[T>A]A,2
A[T>A]C,3
A[T>A]G,5
A[T>A]T,2
C[T>A]A,4
C[T>A]C,6
C[T>A]G,16
C[T>A]T,5
G[T>A]A,1
G[T>A]C,1
G[T>A]G,2
G[T>A]T,1
T[T>A]A,3
T[T>A]C,4
T[T>A]G,9
T[T>A]T,3
A[T>C]A,114
A[T>C]C,116
A[T>C]G,61
A[T>C]T,53
C[T>C]A,55
C[T>C]C,41
C[T>C]G,41
C[T>C]T,29
G[T>C]A,29
G[T>C]C,27
G[T>C]G,30
G[T>C]T,28
T[T>C]A,30
T[T>C]C,25
T[T>C]G,29
T[T>C]T,29
A[T>G]A,3
A[T>G]C,12
A[T>G]G,5
A[T>G]T,11
C[T>G]A,2
C[T>G]C,40
C[T>G]G,10
C[T>G]T,9
G[T>G]A,2
G[T>G]C,12
G[T>G]G,2
G[T>G]T,5
T[T>G]A,7
T[T>G]C,14
T[T>G]G,3
T[T>G]T,7
A[G>T]A,97
A[G>T]C,126
A[G>T]G,121
A[G>T]T,144
C[G>T]A,152
C[G>T]C,170
C[G>T]G,187
C[G>T]T,168
G[G>T]A,72
G[G>T]C,95
G[G>T]G,51
G[G>T]T,64
T[G>T]A,82
T[G>T]C,132
T[G>T]G,88
T[G>T]T,103
A[G>C]A,28
A[G>C]C,3
A[G>C]G,5
A[G>C]T,7
C[G>C]A,29
C[G>C]C,7
C[G>C]G,5
C[G>C]T,23
G[G>C]A,8
G[G>C]C,3
G[G>C]G,2
G[G>C]T,2
T[G>C]A,15
T[G>C]C,4
T[G>C]G,5
T[G>C]T,7
A[G>A]A,34
A[G>A]C,52
A[G>A]G,78
A[G>A]T,39
C[G>A]A,115
C[G>A]C,133
C[G>A]G,166
C[G>A]T,161
G[G>A]A,39
G[G>A]C,52
G[G>A]G,70
G[G>A]T,30
T[G>A]A,23
T[G>A]C,29
T[G>A]G,44
T[G>A]T,56
A[A>T]A,5
A[A>T]C,2
A[A>T]G,6
A[A>T]T,5
C[A>T]A,17
C[A>T]C,7
C[A>T]G,22
C[A>T]T,13
G[A>T]A,7
G[A>T]C,3
G[A>T]G,8
G[A>T]T,6
T[A>T]A,4
T[A>T]C,2
T[A>T]G,7
T[A>T]T,5
A[A>G]A,20
A[A>G]C,27
A[A>G]G,65
A[A>G]T,42
C[A>G]A,22
C[A>G]C,28
C[A>G]G,45
C[A>G]T,62
G[A>G]A,23
G[A>G]C,25
G[A>G]G,39
G[A>G]T,68
T[A>G]A,19
T[A>G]C,26
T[A>G]G,58
T[A>G]T,79
A[A>C]A,7
A[A>C]C,5
A[A>C]G,14
A[A>C]T,11
C[A>C]A,4
C[A>C]C,3
C[A>C]G,8
C[A>C]T,7
G[A>C]A,13
G[A>C]C,7
G[A>C]G,19
G[A>C]T,14
T[A>C]A,2
T[A>C]C,6
T[A>C]G,8
T[A>C]T,2
